epoch,time,train/box_loss,train/cls_loss,train/dfl_loss,metrics/precision(B),metrics/recall(B),metrics/mAP50(B),metrics/mAP50-95(B),val/box_loss,val/cls_loss,val/dfl_loss,lr/pg0,lr/pg1,lr/pg2
1,8.9772,1.77086,3.77763,2.08617,0.00333,1,0.16844,0.0479,2.46141,4.47147,2.65002,0.000444444,0.000444444,0.000444444
2,18.0215,2.4891,3.77876,2.47973,0.00333,1,0.16844,0.0479,2.46141,4.47147,2.65002,0.00108911,0.00108911,0.00108911
3,28.7913,2.11833,3.49046,2.11267,0.00333,1,0.16844,0.0479,2.46141,4.47147,2.65002,0.00170738,0.00170738,0.00170738
4,39.6875,2.56229,3.60327,2.47404,0.00333,1,0.16844,0.0479,2.46141,4.47147,2.65002,0.0018812,0.0018812,0.0018812
5,48.8241,1.90172,3.68753,2.0435,0.00333,1,0.01489,0.0061,2.25079,4.50778,2.16486,0.0018416,0.0018416,0.0018416
6,57.8247,2.13706,3.67596,2.03103,0.00333,1,0.01489,0.0061,2.25079,4.50778,2.16486,0.001802,0.001802,0.001802
7,66.8009,1.57076,3.1398,1.55107,0.00333,1,0.01489,0.0061,2.25079,4.50778,2.16486,0.0017624,0.0017624,0.0017624
8,76.287,1.78541,3.86682,1.64934,0.00333,1,0.01489,0.0061,2.25079,4.50778,2.16486,0.0017228,0.0017228,0.0017228
9,84.6192,1.74144,3.91008,1.65409,0.00333,1,0.01489,0.0061,2.25079,4.50778,2.16486,0.0016832,0.0016832,0.0016832
10,94.4177,1.81326,3.06698,1.63148,0.00111,0.33333,0.08375,0.01697,3.02797,4.78682,4.74211,0.0016436,0.0016436,0.0016436
11,102.496,1.96788,3.32864,1.81543,0.00111,0.33333,0.08375,0.01697,3.02797,4.78682,4.74211,0.001604,0.001604,0.001604
12,111.791,1.99473,2.92422,1.92245,0.00111,0.33333,0.08375,0.01697,3.02797,4.78682,4.74211,0.0015644,0.0015644,0.0015644
13,122.661,1.91936,2.62831,1.61174,0.00111,0.33333,0.08375,0.01697,3.02797,4.78682,4.74211,0.0015248,0.0015248,0.0015248
14,132.98,2.26852,3.10249,1.90086,0.00111,0.33333,0.08375,0.01697,3.02797,4.78682,4.74211,0.0014852,0.0014852,0.0014852
15,143.931,1.86224,3.06903,1.67387,0.00333,1,0.80643,0.22574,1.72993,3.65278,1.89539,0.0014456,0.0014456,0.0014456
16,153.757,1.5302,2.75246,1.48567,0.00333,1,0.80643,0.22574,1.72993,3.65278,1.89539,0.001406,0.001406,0.001406
17,163.801,1.86944,3.33101,1.82009,0.00333,1,0.80643,0.22574,1.72993,3.65278,1.89539,0.0013664,0.0013664,0.0013664
18,174.351,1.48624,2.84308,1.53985,0.00333,1,0.80643,0.22574,1.72993,3.65278,1.89539,0.0013268,0.0013268,0.0013268
19,184.988,1.69334,2.84081,1.51335,0.89961,0.66667,0.755,0.28492,1.79121,3.09372,1.98354,0.0012872,0.0012872,0.0012872
20,195.066,1.4372,2.50511,1.39216,0.89961,0.66667,0.755,0.28492,1.79121,3.09372,1.98354,0.0012476,0.0012476,0.0012476
21,205.728,1.37628,2.94368,1.39806,0.89961,0.66667,0.755,0.28492,1.79121,3.09372,1.98354,0.001208,0.001208,0.001208
22,215.972,1.51174,2.92298,1.54835,0.89961,0.66667,0.755,0.28492,1.79121,3.09372,1.98354,0.0011684,0.0011684,0.0011684
23,225.811,1.4567,2.52789,1.38048,0.89961,0.66667,0.755,0.28492,1.79121,3.09372,1.98354,0.0011288,0.0011288,0.0011288
24,236.067,1.42566,2.3771,1.45105,0.32494,1,0.665,0.23364,2.27894,3.35434,2.5061,0.0010892,0.0010892,0.0010892
25,246.14,1.50355,2.54096,1.44344,0.32494,1,0.665,0.23364,2.27894,3.35434,2.5061,0.0010496,0.0010496,0.0010496
26,256.422,1.43175,2.08703,1.40726,0.32494,1,0.665,0.23364,2.27894,3.35434,2.5061,0.00101,0.00101,0.00101
27,266.367,1.49177,2.28134,1.51734,0.32494,1,0.665,0.23364,2.27894,3.35434,2.5061,0.0009704,0.0009704,0.0009704
28,276.014,1.71825,3.01905,1.62043,0.32494,1,0.665,0.23364,2.27894,3.35434,2.5061,0.0009308,0.0009308,0.0009308
29,286.155,1.27274,2.0996,1.34177,0.58785,1,0.753,0.36221,1.93372,3.30528,2.12283,0.0008912,0.0008912,0.0008912
30,296.413,1.20881,2.11333,1.25053,0.58785,1,0.753,0.36221,1.93372,3.30528,2.12283,0.0008516,0.0008516,0.0008516
31,306.512,1.67873,3.73213,1.74578,0.58785,1,0.753,0.36221,1.93372,3.30528,2.12283,0.000812,0.000812,0.000812
32,317.044,1.53694,2.47832,1.44785,0.58785,1,0.753,0.36221,1.93372,3.30528,2.12283,0.0007724,0.0007724,0.0007724
33,327.305,1.1649,2.2598,1.24131,1,0.6588,0.9125,0.45942,1.68997,2.48002,1.77691,0.0007328,0.0007328,0.0007328
34,337.899,1.275,2.14342,1.33561,1,0.6588,0.9125,0.45942,1.68997,2.48002,1.77691,0.0006932,0.0006932,0.0006932
35,347.98,1.15352,2.16464,1.23989,1,0.6588,0.9125,0.45942,1.68997,2.48002,1.77691,0.0006536,0.0006536,0.0006536
36,358.853,1.29461,2.03676,1.33004,1,0.6588,0.9125,0.45942,1.68997,2.48002,1.77691,0.000614,0.000614,0.000614
37,369.389,1.23763,2.1147,1.24204,1,0.6588,0.9125,0.45942,1.68997,2.48002,1.77691,0.0005744,0.0005744,0.0005744
38,380.03,1.32025,1.98998,1.35857,0.72694,0.90775,0.9125,0.50363,1.65449,2.10427,1.70526,0.0005348,0.0005348,0.0005348
39,390.014,1.17244,1.97191,1.24865,0.72694,0.90775,0.9125,0.50363,1.65449,2.10427,1.70526,0.0004952,0.0004952,0.0004952
40,399.901,1.11221,1.90748,1.1135,0.72694,0.90775,0.9125,0.50363,1.65449,2.10427,1.70526,0.0004556,0.0004556,0.0004556
41,410.002,1.23273,2.32385,1.33269,0.72694,0.90775,0.9125,0.50363,1.65449,2.10427,1.70526,0.000416,0.000416,0.000416
42,420.021,1.15073,2.48469,1.28057,0.72694,0.90775,0.9125,0.50363,1.65449,2.10427,1.70526,0.0003764,0.0003764,0.0003764
43,429.806,1.01436,2.08422,1.21385,1,0.97023,0.995,0.51967,1.5987,1.97722,1.76713,0.0003368,0.0003368,0.0003368
44,440.372,1.06858,2.27565,1.34517,1,0.97023,0.995,0.51967,1.5987,1.97722,1.76713,0.0002972,0.0002972,0.0002972
45,450.491,1.08285,2.27083,1.24753,1,0.97023,0.995,0.51967,1.5987,1.97722,1.76713,0.0002576,0.0002576,0.0002576
46,460.197,1.10724,2.4539,1.21668,1,0.97023,0.995,0.51967,1.5987,1.97722,1.76713,0.000218,0.000218,0.000218
47,470.305,0.9975,2.35893,1.1937,0.73061,0.92243,0.9125,0.48392,1.61078,2.19027,1.81072,0.0001784,0.0001784,0.0001784
48,481.454,0.93486,2.01075,1.08814,0.73061,0.92243,0.9125,0.48392,1.61078,2.19027,1.81072,0.0001388,0.0001388,0.0001388
49,491.073,1.2472,2.14984,1.44937,0.73061,0.92243,0.9125,0.48392,1.61078,2.19027,1.81072,9.92e-05,9.92e-05,9.92e-05
50,500.798,1.02931,2.00989,1.18572,0.73061,0.92243,0.9125,0.48392,1.61078,2.19027,1.81072,5.96e-05,5.96e-05,5.96e-05
